{"chair_0": [-1.3075207471847534, -0.4320838451385498, 0.3016713261604309], "chair_1": [-1.304201364517212, 5.837813854217529, -1.026618480682373], "chair_2": [2.1429240703582764, 1.572618007659912, -0.9504854679107666], "chair_3": [-2.6851717233657837, 1.6350494623184204, -0.8065981864929199], "chair_4": [0.4194128215312958, 0.43155619502067566, -1.3931437730789185], "chair_5": [0.04649299383163452, 4.720160245895386, -0.9499835968017578], "chair_6": [-1.4138862490653992, -0.3468714952468872, -0.4274164140224457], "chair_7": [1.9045015573501587, -1.0207255482673645, -0.21036189794540405], "chair_8": [2.987433075904846, -0.1585938185453415, -0.14701376110315323], "chair_9": [1.0996543169021606, 3.588926076889038, -0.09129345417022705], "plant_0": [0.5675520896911621, 4.248569965362549, 0.04903583601117134], "plant_1": [-2.3048062324523926, 6.671811103820801, -1.0020791292190552], "plant_2": [-1.6288700699806213, 3.669790029525757, -0.683431088924408], "plant_3": [-2.258925676345825, 7.027920722961426, 0.0747053325176239], "plant_4": [1.3946003913879395, 4.128999710083008, 0.38461756706237793], "package_0": [0.18173441290855408, 0.35387498140335083, -0.9920878708362579], "package_1": [-0.6812372803688049, 5.570172548294067, -0.8674992024898529], "package_2": [2.1272900104522705, 1.8428871631622314, -1.402962565422058], "package_3": [-2.587085485458374, 1.3369410634040833, -1.184696078300476], "package_4": [-0.618803083896637, -1.063929557800293, -0.9588034749031067], "package_5": [1.8073418736457825, 2.5768587589263916, -0.8720367550849915], "package_6": [-0.8685950040817261, 2.9603285789489746, -0.5946560204029083], "package_7": [0.7355645298957825, 0.7228349447250366, -0.35605180263519287], "package_8": [1.5013805627822876, 3.1756017208099365, -0.48890548944473267], "package_9": [1.9394713640213013, -0.9551712274551392, 0.2298651933670044], "package_10": [-5.090884685516357, 4.395886421203613, 0.3409237861633301]}