{
	"class_name" : "PinholeCameraParameters",
	"extrinsic" : 
	[
		0.61459974400414963,
		-0.78728835730233881,
		0.049438822055332565,
		0.0,
		-0.78809345608644421,
		-0.61553608600581811,
		-0.0049021728205085853,
		0.0,
		0.034290802611747898,
		-0.035949537977881078,
		-0.99876512332751144,
		0.0,
		1.6342829780380701,
		2.6561040706931727,
		3.9998204442900134,
		1.0
	],
	"intrinsic" : 
	{
		"height" : 1061,
		"intrinsic_matrix" : 
		[
			918.85295341528945,
			0.0,
			0.0,
			0.0,
			918.85295341528945,
			0.0,
			959.5,
			530.0,
			1.0
		],
		"width" : 1920
	},
	"version_major" : 1,
	"version_minor" : 0
}