{
	"class_name" : "PinholeCameraParameters",
	"extrinsic" : 
	[
		0.61458698761181763,
		-0.78839491537862638,
		-0.026763633224209986,
		0.0,
		-0.7886519199184453,
		-0.61332122061003513,
		-0.043188303490260246,
		0.0,
		0.017634734678518404,
		0.047650160068410274,
		-0.99870840508041847,
		0.0,
		1.3331379613034331,
		0.59824628626036802,
		6.4247529298934065,
		1.0
	],
	"intrinsic" : 
	{
		"height" : 1061,
		"intrinsic_matrix" : 
		[
			918.85295341528945,
			0.0,
			0.0,
			0.0,
			918.85295341528945,
			0.0,
			959.5,
			530.0,
			1.0
		],
		"width" : 1920
	},
	"version_major" : 1,
	"version_minor" : 0
}