{"chair_0": [5.048575401306152, 0.8595461845397949, -1.304155707359314], "chair_1": [3.8355464935302734, 0.7407757937908173, -0.7074906527996063], "chair_2": [-1.487771987915039, -3.4728431701660156, -0.7551702260971069], "chair_3": [6.069083213806152, -3.1973562240600586, -0.7916780710220337], "chair_4": [7.665160179138184, -3.6289782524108887, -1.1732027530670166], "chair_5": [0.5532935261726379, -3.0522937774658203, -0.7559206485748291], "plant_0": [4.6641974449157715, -1.508062481880188, -0.2572144865989685], "plant_1": [7.547443389892578, -3.1653027534484863, 0.38699862360954285], "package_0": [5.475312948226929, -3.493648648262024, -0.6168356239795685], "package_1": [0.825616180896759, -1.3883240818977356, -0.22397565841674805]}