{
	"class_name" : "ViewTrajectory",
	"interval" : 29,
	"is_loop" : false,
	"trajectory" : 
	[
		{
			"boundingbox_max" : [ 0.29999999999999999, 0.29999999999999999, 2.0 ],
			"boundingbox_min" : [ -0.29999999999999999, -0.29999999999999999, -2.0 ],
			"field_of_view" : 60.0,
			"front" : [ -0.014904310150318859, 0.026503511320607263, 0.99953760580911699 ],
			"lookat" : [ -0.6615656249598999, 2.6645809815335051, -0.20109738382577624 ],
			"up" : [ 0.77949876669366092, 0.62638391953166639, -0.0049857873208546503 ],
			"zoom" : 0.84000000000000008
		}
	],
	"version_major" : 1,
	"version_minor" : 0
}