{"chair_0": [-1.304765224456787, 5.837662220001221, -1.026176929473877], 
"chair_1": [-2.683011770248413, 1.6330298781394958, -0.8065717220306396], 
"chair_2": [2.1419436931610107, 1.5715714693069458, -0.9500170946121216], 
"plant_0": [-1.62216717004776, 3.658568501472473, -0.6484217047691345], 
"plant_1": [-2.264024019241333, 7.0222578048706055, 0.07292259484529495], 
"package_0": [-0.6781275272369385, 5.565270900726318, -0.8656464219093323], 
"package_1": [-0.8685950040817261, 2.9603285789489746, -0.5946560204029083], 
"package_2": [0.7360819876194, 0.723660796880722, -0.3552362769842148], 
"package_3": [1.5013805627822876, 3.1756017208099365, -0.48890548944473267]
}